point_rank,driver,jaws_mean,jaws_median,jaws_89_lb,jaws_89_ub,rank_mean,rank_median,rank_89_lb,rank_89_ub,peak_raw_mean,surplus_raw_mean,peak_score_mean,longevity_score_mean,equivalent_seasons,starts,unique_teammates,season_weight_2026,product_version,snapshot_tag,snapshot_hash,completed_2026_gps,scheduled_2026_gps,season_fraction_2026,scoring_policy,familiarity_model,policy
1,senna,96.3716834512408,97.25901334955162,88.64138000001118,100.0,1.39025,1.0,1.0,2.0,1.312780842994443,12.33554095212851,98.6317029110054,92.98165426159392,11.0,161,10,0.6521739130434783,v2_2,through_r15_15gp_cf1f82aaab32,cf1f82aaab32,15,23,0.6521739130434783,prorata_equivalent_season,organisational_memory_20gp_half_life,PRORATA_2026
2,michael_schumacher,93.4114886384026,94.19488454785528,83.35016491015408,100.0,1.66225,2.0,1.0,2.0,1.1842852790144702,14.144764331448505,89.40368103391849,99.4232000451288,19.0,308,11,0.6521739130434783,v2_2,through_r15_15gp_cf1f82aaab32,cf1f82aaab32,15,23,0.6521739130434783,prorata_equivalent_season,organisational_memory_20gp_half_life,PRORATA_2026
3,max_verstappen,77.427899000009,77.25093022986084,65.6220451701213,89.6894290675544,3.1825,3.0,3.0,4.0,1.0119528250233556,8.842539405363782,76.53666522689657,78.76474965967768,11.652173913043478,248,8,0.6521739130434783,v2_2,through_r15_15gp_cf1f82aaab32,cf1f82aaab32,15,23,0.6521739130434783,prorata_equivalent_season,organisational_memory_20gp_half_life,PRORATA_2026
4,alonso,65.9394287876689,65.61423321021643,55.0972794784187,77.57924507291055,4.96625,5.0,3.0,7.0,0.7564935495125522,8.91537961328291,57.2266736789807,79.00856145070118,22.652173913043477,441,14,0.6521739130434783,v2_2,through_r15_15gp_cf1f82aaab32,cf1f82aaab32,15,23,0.6521739130434783,prorata_equivalent_season,organisational_memory_20gp_half_life,PRORATA_2026
5,mansell,62.639250793093744,62.59843232196621,51.71043652484559,74.01153883927248,5.70725,6.0,4.0,8.0,0.7780840426813765,6.724073232917097,58.72043653410976,68.5174721815697,13.0,172,8,0.6521739130434783,v2_2,through_r15_15gp_cf1f82aaab32,cf1f82aaab32,15,23,0.6521739130434783,prorata_equivalent_season,organisational_memory_20gp_half_life,PRORATA_2026
6,prost,62.10713382687431,62.01477715633784,52.38130645219333,72.057937794488,5.7865,6.0,4.0,8.0,0.7601654626498481,6.885780283584877,57.25852991510488,69.38003969452848,11.0,173,10,0.6521739130434783,v2_2,through_r15_15gp_cf1f82aaab32,cf1f82aaab32,15,23,0.6521739130434783,prorata_equivalent_season,organisational_memory_20gp_half_life,PRORATA_2026
7,hamilton,59.316670954794155,59.17993476679988,48.0210412162514,71.223276133236,6.5315,6.0,4.0,10.0,0.656947915141444,7.802568435935742,49.68076599037639,73.77052840142082,19.652173913043477,395,7,0.6521739130434783,v2_2,through_r15_15gp_cf1f82aaab32,cf1f82aaab32,15,23,0.6521739130434783,prorata_equivalent_season,organisational_memory_20gp_half_life,PRORATA_2026
8,rosberg,49.45787949000794,49.48081094781436,36.55492895636938,62.71842876221651,10.74025,9.0,6.0,19.0,0.5863209437888106,4.7277171979035595,44.33577584427058,57.14103495861398,11.0,206,5,0.6521739130434783,v2_2,through_r15_15gp_cf1f82aaab32,cf1f82aaab32,15,23,0.6521739130434783,prorata_equivalent_season,organisational_memory_20gp_half_life,PRORATA_2026
9,barrichello,45.99086469637249,45.95466105924322,35.53252211736181,56.343885768610456,12.22325,11.0,7.0,20.0,0.486490577911272,5.1866948305204,36.765107507424474,59.82950047979453,19.0,326,15,0.6521739130434783,v2_2,through_r15_15gp_cf1f82aaab32,cf1f82aaab32,15,23,0.6521739130434783,prorata_equivalent_season,organisational_memory_20gp_half_life,PRORATA_2026
10,raikkonen,45.25017057004139,45.133392978180936,35.50360314146571,55.20985860704333,12.395,12.0,8.0,19.0,0.5139814641918654,4.321013472643888,38.86373153114556,54.82982912838513,19.0,351,13,0.6521739130434783,v2_2,through_r15_15gp_cf1f82aaab32,cf1f82aaab32,15,23,0.6521739130434783,prorata_equivalent_season,organisational_memory_20gp_half_life,PRORATA_2026
11,berger,43.40196178406519,43.457126426239086,31.7715948845258,54.477054308337785,14.03275,13.0,8.0,24.0,0.5009643263613056,3.9247438873314078,37.65082467785027,52.02866744338756,14.0,210,7,0.6521739130434783,v2_2,through_r15_15gp_cf1f82aaab32,cf1f82aaab32,15,23,0.6521739130434783,prorata_equivalent_season,organisational_memory_20gp_half_life,PRORATA_2026
12,leclerc,42.923344586957846,42.804873235257574,31.90701946564137,54.01939554368511,14.08975,13.0,8.0,22.0,0.5077681710576012,3.553270446356996,38.40419370559412,49.70207090900344,8.652173913043478,188,5,0.6521739130434783,v2_2,through_r15_15gp_cf1f82aaab32,cf1f82aaab32,15,23,0.6521739130434783,prorata_equivalent_season,organisational_memory_20gp_half_life,PRORATA_2026
13,piquet,42.59462543617773,42.58896844969825,31.90640707284683,52.86768040608713,14.3735,14.0,8.0,23.0,0.49950049847150874,3.590482178063513,37.730674423802995,49.89055195473984,10.0,155,11,0.6521739130434783,v2_2,through_r15_15gp_cf1f82aaab32,cf1f82aaab32,15,23,0.6521739130434783,prorata_equivalent_season,organisational_memory_20gp_half_life,PRORATA_2026
14,massa,41.97260211938912,42.08916806951689,31.14027576877452,52.59976914003772,14.9895,14.0,9.0,24.0,0.47663997834432736,3.738931633607056,36.02437281958195,50.89494606909988,15.0,269,8,0.6521739130434783,v2_2,through_r15_15gp_cf1f82aaab32,cf1f82aaab32,15,23,0.6521739130434783,prorata_equivalent_season,organisational_memory_20gp_half_life,PRORATA_2026
15,irvine,41.798428527293865,42.060439398708844,31.05980255412403,52.365219444573036,15.14125,14.0,8.0,25.0,0.49001159235899955,3.4879309888966703,36.978989310127275,49.027587353043735,10.0,147,6,0.6521739130434783,v2_2,through_r15_15gp_cf1f82aaab32,cf1f82aaab32,15,23,0.6521739130434783,prorata_equivalent_season,organisational_memory_20gp_half_life,PRORATA_2026
16,hakkinen,40.86793935185587,40.85388089974711,27.753495242745053,54.61386261171264,16.13875,15.0,8.0,27.0,0.4708868859639804,3.4796587514763133,35.56831067197762,48.81738237167323,11.0,162,7,0.6521739130434783,v2_2,through_r15_15gp_cf1f82aaab32,cf1f82aaab32,15,23,0.6521739130434783,prorata_equivalent_season,organisational_memory_20gp_half_life,PRORATA_2026
17,vettel,37.71984382330008,37.733361779418274,24.99698954667333,51.022517289986354,18.55475,18.0,9.0,30.0,0.41152845238523783,3.300236371961881,31.141697081539235,47.58706393594134,16.0,300,8,0.6521739130434783,v2_2,through_r15_15gp_cf1f82aaab32,cf1f82aaab32,15,23,0.6521739130434783,prorata_equivalent_season,organisational_memory_20gp_half_life,PRORATA_2026
18,frentzen,36.41217717953649,36.38545708876856,26.285177399044567,46.66109249890141,19.31675,19.0,11.0,29.0,0.41040719561569394,2.8524970984768734,31.042767830956706,44.46629120240619,10.0,156,12,0.6521739130434783,v2_2,through_r15_15gp_cf1f82aaab32,cf1f82aaab32,15,23,0.6521739130434783,prorata_equivalent_season,organisational_memory_20gp_half_life,PRORATA_2026
19,alesi,36.107038289285434,35.92709923946826,25.286616421191685,47.35132150483221,19.8925,19.0,11.0,31.0,0.40088894990621143,2.930331039584989,30.247564463884505,44.89624902738683,13.0,201,14,0.6521739130434783,v2_2,through_r15_15gp_cf1f82aaab32,cf1f82aaab32,15,23,0.6521739130434783,prorata_equivalent_season,organisational_memory_20gp_half_life,PRORATA_2026
20,sainz,35.06378215786634,34.976732896037724,24.847299062305847,45.808824689385865,20.85125,20.0,12.0,31.0,0.37995419662875746,2.879453446687475,28.72974919105124,44.56483160808901,11.652173913043478,246,7,0.6521739130434783,v2_2,through_r15_15gp_cf1f82aaab32,cf1f82aaab32,15,23,0.6521739130434783,prorata_equivalent_season,organisational_memory_20gp_half_life,PRORATA_2026
21,norris,34.13503710158993,34.13909551671978,19.97231898923573,48.321945891591824,22.055,21.0,10.0,37.0,0.39535905953575606,2.41747413307378,29.883918031699523,40.51171570642556,7.6521739130434785,165,3,0.6521739130434783,v2_2,through_r15_15gp_cf1f82aaab32,cf1f82aaab32,15,23,0.6521739130434783,prorata_equivalent_season,organisational_memory_20gp_half_life,PRORATA_2026
22,button,34.133876275698796,34.19012372525388,23.50476026572914,44.53869386065294,21.59625,21.0,12.0,33.0,0.365712331562054,2.8008362977356214,27.650096805931856,43.85954548034919,18.0,306,12,0.6521739130434783,v2_2,through_r15_15gp_cf1f82aaab32,cf1f82aaab32,15,23,0.6521739130434783,prorata_equivalent_season,organisational_memory_20gp_half_life,PRORATA_2026
23,keke_rosberg,30.484256986136586,30.505024931544078,18.567744847746965,42.195050876979785,25.55725,25.0,14.0,39.0,0.3614776019113856,1.8121709278124267,27.305654766597378,35.252160315445394,5.0,78,7,0.6521739130434783,v2_2,through_r15_15gp_cf1f82aaab32,cf1f82aaab32,15,23,0.6521739130434783,prorata_equivalent_season,organisational_memory_20gp_half_life,PRORATA_2026
24,patrese,30.01923494322336,29.962989234753525,19.008273341905795,41.00539986930267,25.8765,25.0,15.0,38.0,0.32061424010396095,2.205440990330489,24.23696787842711,38.69263554041775,12.0,190,10,0.6521739130434783,v2_2,through_r15_15gp_cf1f82aaab32,cf1f82aaab32,15,23,0.6521739130434783,prorata_equivalent_season,organisational_memory_20gp_half_life,PRORATA_2026
25,webber,29.754409470667778,29.67772693709057,19.490618192774203,40.172578776866644,26.11975,26.0,16.0,38.0,0.318040755986191,2.1493479767608323,24.054774053026406,38.30386259712984,12.0,216,9,0.6521739130434783,v2_2,through_r15_15gp_cf1f82aaab32,cf1f82aaab32,15,23,0.6521739130434783,prorata_equivalent_season,organisational_memory_20gp_half_life,PRORATA_2026
26,ricciardo,28.917416149573448,28.85140838901825,19.141828181355113,38.84825274368522,27.0275,26.0,17.0,39.0,0.31238536086166135,1.9822611415634197,23.623280807285546,36.858619163005294,14.0,257,10,0.6521739130434783,v2_2,through_r15_15gp_cf1f82aaab32,cf1f82aaab32,15,23,0.6521739130434783,prorata_equivalent_season,organisational_memory_20gp_half_life,PRORATA_2026
27,angelis,27.793769069338808,28.002415407456148,14.04632660922466,40.93464649778026,28.613,27.0,15.0,46.0,0.3196010727335795,1.6497691373869883,24.042108173917466,33.42126041247082,5.0,66,4,0.6521739130434783,v2_2,through_r15_15gp_cf1f82aaab32,cf1f82aaab32,15,23,0.6521739130434783,prorata_equivalent_season,organisational_memory_20gp_half_life,PRORATA_2026
28,bottas,25.97177576460436,26.08641109301417,13.228107769587536,38.3749834659458,30.52775,29.0,17.0,46.054999999999836,0.279185305866162,1.6602193388734718,21.10862692254216,33.26649902769766,12.652173913043478,261,6,0.6521739130434783,v2_2,through_r15_15gp_cf1f82aaab32,cf1f82aaab32,15,23,0.6521739130434783,prorata_equivalent_season,organisational_memory_20gp_half_life,PRORATA_2026
29,villeneuve,23.4393489198284,23.502903734014858,11.628983800646264,35.53768576888411,33.52925,33.0,20.0,48.0,0.2500619500801663,1.3615763299617683,18.9220944926216,30.2152305606386,11.0,164,9,0.6521739130434783,v2_2,through_r15_15gp_cf1f82aaab32,cf1f82aaab32,15,23,0.6521739130434783,prorata_equivalent_season,organisational_memory_20gp_half_life,PRORATA_2026
30,perez,22.91390794734461,23.051153804361697,12.168719427891192,33.61539903773227,33.929,33.0,22.0,47.0,0.2271512795834854,1.4983417774336492,17.142410872359925,31.57115355982164,14.652173913043478,297,7,0.6521739130434783,v2_2,through_r15_15gp_cf1f82aaab32,cf1f82aaab32,15,23,0.6521739130434783,prorata_equivalent_season,organisational_memory_20gp_half_life,PRORATA_2026
31,damon_hill,22.598291173351132,22.713679228514877,11.013053935523175,34.15098218074342,34.48925,34.0,21.0,50.0,0.2372979759892333,1.3150488793623394,17.921546810648707,29.61340771740477,8.0,116,8,0.6521739130434783,v2_2,through_r15_15gp_cf1f82aaab32,cf1f82aaab32,15,23,0.6521739130434783,prorata_equivalent_season,organisational_memory_20gp_half_life,PRORATA_2026
32,trulli,22.309428819491064,22.252579290133838,12.11492481472918,32.181197160615945,34.70275,34.0,23.0,48.0,0.22404744649551914,1.3669562113130096,16.960089084489045,30.333438421994096,15.0,255,12,0.6521739130434783,v2_2,through_r15_15gp_cf1f82aaab32,cf1f82aaab32,15,23,0.6521739130434783,prorata_equivalent_season,organisational_memory_20gp_half_life,PRORATA_2026
33,fisichella,22.139488467255315,22.076325431383378,11.605330903105294,33.02239138523926,34.97625,35.0,23.0,48.0,0.2228224314709517,1.3484151977103793,16.875667203513345,30.035220362868273,14.0,230,12,0.6521739130434783,v2_2,through_r15_15gp_cf1f82aaab32,cf1f82aaab32,15,23,0.6521739130434783,prorata_equivalent_season,organisational_memory_20gp_half_life,PRORATA_2026
34,hulkenberg,21.86018275573432,21.79289308845003,12.124086673826943,31.815738226108625,35.20275,35.0,23.0,48.0,0.21994211717959983,1.3148641051678456,16.631802149737364,29.702753664729766,14.652173913043478,267,11,0.6521739130434783,v2_2,through_r15_15gp_cf1f82aaab32,cf1f82aaab32,15,23,0.6521739130434783,prorata_equivalent_season,organisational_memory_20gp_half_life,PRORATA_2026
35,herbert,21.49272317184039,21.557207835432664,10.974507633320087,32.124281286964546,35.7805,35.0,23.0,50.0,0.2217717976263469,1.2232699117009078,16.772981612889343,28.57233551026696,12.0,162,17,0.6521739130434783,v2_2,through_r15_15gp_cf1f82aaab32,cf1f82aaab32,15,23,0.6521739130434783,prorata_equivalent_season,organisational_memory_20gp_half_life,PRORATA_2026
36,russell,21.446654735604753,21.58199087639657,8.314289501776678,34.37236034812785,35.917,35.0,21.0,53.0,0.22449898378668026,1.2069256403589765,16.98288891393075,28.142303468115756,7.6521739130434785,167,5,0.6521739130434783,v2_2,through_r15_15gp_cf1f82aaab32,cf1f82aaab32,15,23,0.6521739130434783,prorata_equivalent_season,organisational_memory_20gp_half_life,PRORATA_2026
37,coulthard,21.275512003394645,21.402300062756424,5.406159279357538,36.86982670353296,36.49475,36.0,19.0,57.0,0.2162367593442068,1.3194327463457043,16.30061304168116,28.737860445964863,15.0,246,7,0.6521739130434783,v2_2,through_r15_15gp_cf1f82aaab32,cf1f82aaab32,15,23,0.6521739130434783,prorata_equivalent_season,organisational_memory_20gp_half_life,PRORATA_2026
38,alboreto,20.897035275939654,20.951997295606777,8.852810919633757,32.94672671401105,36.625,36.0,22.0,52.0,0.21648454934802322,1.1555362507412936,16.384090447829607,27.66645251810473,13.0,184,13,0.6521739130434783,v2_2,through_r15_15gp_cf1f82aaab32,cf1f82aaab32,15,23,0.6521739130434783,prorata_equivalent_season,organisational_memory_20gp_half_life,PRORATA_2026
39,warwick,19.97031424847059,20.069719551807665,5.846168571608208,33.84351232652395,37.87775,37.0,21.944999999999993,56.0,0.19968279340206638,1.1727945081934634,15.105646224847526,27.26731628390518,10.0,146,10,0.6521739130434783,v2_2,through_r15_15gp_cf1f82aaab32,cf1f82aaab32,15,23,0.6521739130434783,prorata_equivalent_season,organisational_memory_20gp_half_life,PRORATA_2026
40,boutsen,18.297053359582012,18.374350765850036,6.389288314068351,29.950706943078224,39.884,40.0,25.0,55.0,0.17498070644612138,1.0421573106172346,13.277732846972372,25.826034128496474,11.0,163,8,0.6521739130434783,v2_2,through_r15_15gp_cf1f82aaab32,cf1f82aaab32,15,23,0.6521739130434783,prorata_equivalent_season,organisational_memory_20gp_half_life,PRORATA_2026
41,kubica,16.98398282723281,17.07351084071832,5.112005817522262,28.82523605663918,41.4085,41.0,26.944999999999993,57.0,0.16253441502672597,0.8814163347012725,12.294189867809411,24.01867226636791,7.0,99,4,0.6521739130434783,v2_2,through_r15_15gp_cf1f82aaab32,cf1f82aaab32,15,23,0.6521739130434783,prorata_equivalent_season,organisational_memory_20gp_half_life,PRORATA_2026
42,heidfeld,16.382301472885302,16.421428420291416,6.63169157435051,26.08127876428272,42.2385,42.0,30.0,55.0,0.1532713391712739,0.8458815314754081,11.593432444238385,23.56560501585567,12.0,183,12,0.6521739130434783,v2_2,through_r15_15gp_cf1f82aaab32,cf1f82aaab32,15,23,0.6521739130434783,prorata_equivalent_season,organisational_memory_20gp_half_life,PRORATA_2026
43,ralf_schumacher,16.324707804210124,16.35459567087576,5.018530975259963,27.605089273659164,42.3835,42.0,29.0,57.0,0.15159799938754331,0.8664324554206432,11.480261697103582,23.591376964869934,11.0,180,6,0.6521739130434783,v2_2,through_r15_15gp_cf1f82aaab32,cf1f82aaab32,15,23,0.6521739130434783,prorata_equivalent_season,organisational_memory_20gp_half_life,PRORATA_2026
44,montoya,14.885788407638216,15.025729197278391,3.163889118768374,26.516372477602516,44.194,44.0,29.944999999999993,60.0,0.13481655633357378,0.7564425200091354,10.200842176958325,21.913207753658046,6.0,94,4,0.6521739130434783,v2_2,through_r15_15gp_cf1f82aaab32,cf1f82aaab32,15,23,0.6521739130434783,prorata_equivalent_season,organisational_memory_20gp_half_life,PRORATA_2026
45,cheever,14.643476250795713,14.652398919160188,1.1681244296327649,28.295605639986167,44.63875,44.0,28.0,62.0,0.127947991455094,0.7830493777026176,9.692084606404402,22.070563717382683,8.0,107,6,0.6521739130434783,v2_2,through_r15_15gp_cf1f82aaab32,cf1f82aaab32,15,23,0.6521739130434783,prorata_equivalent_season,organisational_memory_20gp_half_life,PRORATA_2026
46,gasly,13.996948897505524,14.052681003285537,2.8966854097924557,25.08792016279775,45.2035,45.0,31.0,59.0,0.12300030220606466,0.7045077306734936,9.31971071218668,21.012806175483792,9.652173913043478,193,8,0.6521739130434783,v2_2,through_r15_15gp_cf1f82aaab32,cf1f82aaab32,15,23,0.6521739130434783,prorata_equivalent_season,organisational_memory_20gp_half_life,PRORATA_2026
47,brundle,13.619152388343968,13.567688001098274,2.157685905495909,25.20253800510841,45.87425,46.0,31.0,61.0,0.11710724997420303,0.6986032768225782,8.896674065027447,20.702869873318747,12.0,158,13,0.6521739130434783,v2_2,through_r15_15gp_cf1f82aaab32,cf1f82aaab32,15,23,0.6521739130434783,prorata_equivalent_season,organisational_memory_20gp_half_life,PRORATA_2026
48,modena,12.382270743398633,12.593239741428304,-2.824113580060568,27.015318704919682,47.453,47.0,29.0,67.0,0.0986084567683283,0.6635824978663462,7.5201243805807065,19.67549028762553,6.0,73,7,0.6521739130434783,v2_2,through_r15_15gp_cf1f82aaab32,cf1f82aaab32,15,23,0.6521739130434783,prorata_equivalent_season,organisational_memory_20gp_half_life,PRORATA_2026
49,cesaris,11.924426485787484,11.85537634861192,0.6565939243810085,23.377894833832308,48.02725,48.0,33.0,63.0,0.09584541547126417,0.5857771575860432,7.293417320037948,18.870940234411787,13.0,192,18,0.6521739130434783,v2_2,through_r15_15gp_cf1f82aaab32,cf1f82aaab32,15,23,0.6521739130434783,prorata_equivalent_season,organisational_memory_20gp_half_life,PRORATA_2026
50,nannini,11.666842452783735,11.742878783544455,-0.256384041353288,23.68027749451143,48.38725,48.0,33.0,64.0,0.07563723233424238,0.6614995003934523,5.7608901543216655,20.52577090047684,5.0,77,6,0.6521739130434783,v2_2,through_r15_15gp_cf1f82aaab32,cf1f82aaab32,15,23,0.6521739130434783,prorata_equivalent_season,organisational_memory_20gp_half_life,PRORATA_2026
51,verstappen,7.903341306625438,7.911405575327544,-4.238123749643494,19.50694226399431,53.16125,53.0,38.0,69.0,0.0396844409239835,0.4085215033269713,3.011764014917479,15.240707244187375,8.0,107,10,0.6521739130434783,v2_2,through_r15_15gp_cf1f82aaab32,cf1f82aaab32,15,23,0.6521739130434783,prorata_equivalent_season,organisational_memory_20gp_half_life,PRORATA_2026
52,grosjean,7.884439894713212,7.923257460804895,-3.087859963639795,18.68264118478747,53.241,53.0,39.0,67.0,0.03206502279357109,0.43045101165025573,2.4390404244648716,16.052539100085724,10.0,179,6,0.6521739130434783,v2_2,through_r15_15gp_cf1f82aaab32,cf1f82aaab32,15,23,0.6521739130434783,prorata_equivalent_season,organisational_memory_20gp_half_life,PRORATA_2026
53,salo,7.25123989253151,7.3021258828752895,-4.891372602643302,19.161670967286494,54.0755,54.0,38.0,70.0,0.034602930785176754,0.3727133202489199,2.645053041748234,14.160520168706425,8.0,111,8,0.6521739130434783,v2_2,through_r15_15gp_cf1f82aaab32,cf1f82aaab32,15,23,0.6521739130434783,prorata_equivalent_season,organisational_memory_20gp_half_life,PRORATA_2026
54,tambay,5.893191934429812,5.996783486282705,-7.9364110526583165,19.70352336397226,55.9315,56.0,38.0,74.0,0.008115480393461275,0.3678845833661527,0.5994229771215798,13.833845370392154,5.0,67,7,0.6521739130434783,v2_2,through_r15_15gp_cf1f82aaab32,cf1f82aaab32,15,23,0.6521739130434783,prorata_equivalent_season,organisational_memory_20gp_half_life,PRORATA_2026
55,kovalainen,5.4609213002307,5.237334900548819,-5.638063454415872,16.533034956794957,56.472,57.0,42.0,71.0,0.0072267160120877685,0.2996095535461258,0.5515034788420164,12.825048032313724,7.0,112,6,0.6521739130434783,v2_2,through_r15_15gp_cf1f82aaab32,cf1f82aaab32,15,23,0.6521739130434783,prorata_equivalent_season,organisational_memory_20gp_half_life,PRORATA_2026
56,albon,5.09013174222464,4.988969553530482,-5.886737950502706,16.475839427116476,56.901,57.0,42.0,71.0,0.004503851434750675,0.2848846092461898,0.3611580734634184,12.183592245366471,6.6521739130434785,142,6,0.6521739130434783,v2_2,through_r15_15gp_cf1f82aaab32,cf1f82aaab32,15,23,0.6521739130434783,prorata_equivalent_season,organisational_memory_20gp_half_life,PRORATA_2026
57,panis,4.309034321349856,4.184825303193082,-6.322526099582606,15.742073149537028,57.92175,58.0,43.0,72.0,-0.0029746839223270395,0.24948338931312167,-0.1895279671190688,11.05687775405324,10.0,158,11,0.6521739130434783,v2_2,through_r15_15gp_cf1f82aaab32,cf1f82aaab32,15,23,0.6521739130434783,prorata_equivalent_season,organisational_memory_20gp_half_life,PRORATA_2026
58,arnoux,3.9791877378246947,3.857016792350216,-7.454715004282816,16.06542559742574,58.32425,58.0,42.0,73.0,-0.013585719485697707,0.26233402761164304,-0.9995572322150592,11.447305192884324,8.0,102,8,0.6521739130434783,v2_2,through_r15_15gp_cf1f82aaab32,cf1f82aaab32,15,23,0.6521739130434783,prorata_equivalent_season,organisational_memory_20gp_half_life,PRORATA_2026
59,kvyat,2.9093862625984057,2.8929689517143498,-7.240845972077215,12.809320044950518,59.8175,60.0,47.0,73.0,-0.035304606065821316,0.24287964290770997,-2.6714866753079587,11.280695669457952,6.0,111,6,0.6521739130434783,v2_2,through_r15_15gp_cf1f82aaab32,cf1f82aaab32,15,23,0.6521739130434783,prorata_equivalent_season,organisational_memory_20gp_half_life,PRORATA_2026
60,ocon,2.608267983913542,2.3877910288979303,-6.681972468420885,12.871472430038478,60.10925,60.0,47.0,72.0,-0.023753145309576007,0.18380882529543052,-1.801652334198346,9.22314846108137,9.652173913043478,195,6,0.6521739130434783,v2_2,through_r15_15gp_cf1f82aaab32,cf1f82aaab32,15,23,0.6521739130434783,prorata_equivalent_season,organisational_memory_20gp_half_life,PRORATA_2026
61,surer,1.0125202211297772,0.9517132372641468,-11.076616463703312,14.575302543604481,62.40525,62.0,45.0,79.0,-0.06144492527859005,0.206030141932578,-4.604985859134459,9.438779341526132,5.0,59,4,0.6521739130434783,v2_2,through_r15_15gp_cf1f82aaab32,cf1f82aaab32,15,23,0.6521739130434783,prorata_equivalent_season,organisational_memory_20gp_half_life,PRORATA_2026
62,rosa,0.6872958417513585,0.7274376021465172,-9.843270899195534,12.169746696461647,62.76525,63.0,48.0,77.0,-0.06355061193184032,0.18485025753973702,-4.834835663549269,8.970493099702301,9.0,105,6,0.6521739130434783,v2_2,through_r15_15gp_cf1f82aaab32,cf1f82aaab32,15,23,0.6521739130434783,prorata_equivalent_season,organisational_memory_20gp_half_life,PRORATA_2026
63,capelli,0.4123593623725643,-0.35668199570355585,-12.680004230123094,16.883050368996972,63.273,64.0,41.0,82.0,-0.06515380698458917,0.19940586744328592,-4.832171672963188,8.27915591537619,9.0,93,4,0.6521739130434783,v2_2,through_r15_15gp_cf1f82aaab32,cf1f82aaab32,15,23,0.6521739130434783,prorata_equivalent_season,organisational_memory_20gp_half_life,PRORATA_2026
64,maldonado,-0.5339018203336464,-0.6687803128331686,-10.8286212836976,10.363514577730896,64.431,64.0,50.0,79.0,-0.09265862165324097,0.17723204908623827,-6.9946021213861105,9.157148631245049,5.0,95,4,0.6521739130434783,v2_2,through_r15_15gp_cf1f82aaab32,cf1f82aaab32,15,23,0.6521739130434783,prorata_equivalent_season,organisational_memory_20gp_half_life,PRORATA_2026
65,martini,-1.4447863580954476,-2.2655026744261235,-12.930530441551793,13.149735108574381,65.71925,67.0,47.0,82.0,-0.09793392985057957,0.1613296317923627,-7.344486980346727,7.404764575281471,9.0,120,9,0.6521739130434783,v2_2,through_r15_15gp_cf1f82aaab32,cf1f82aaab32,15,23,0.6521739130434783,prorata_equivalent_season,organisational_memory_20gp_half_life,PRORATA_2026
66,wurz,-2.153516291310106,-2.7648271743758173,-13.389020747667498,11.137512857238034,66.60325,67.0,49.0,83.0,-0.10976877905102853,0.13995244176501404,-8.29945384638247,7.065390041298439,6.0,69,4,0.6521739130434783,v2_2,through_r15_15gp_cf1f82aaab32,cf1f82aaab32,15,23,0.6521739130434783,prorata_equivalent_season,organisational_memory_20gp_half_life,PRORATA_2026
67,gugelmin,-2.573553000086211,-3.410680900677679,-16.13126807556474,13.87930637773678,67.4825,68.0,46.0,87.0,-0.12030521257294126,0.1535963323005231,-8.993820487292185,7.05684823072275,5.0,75,3,0.6521739130434783,v2_2,through_r15_15gp_cf1f82aaab32,cf1f82aaab32,15,23,0.6521739130434783,prorata_equivalent_season,organisational_memory_20gp_half_life,PRORATA_2026
68,sato,-3.2798484570805533,-4.03088214057315,-13.615324769186056,9.27043559920859,68.0735,69.0,51.0,83.0,-0.12249025145714965,0.10264448476990964,-9.269115431847146,5.704052005069334,7.0,90,6,0.6521739130434783,v2_2,through_r15_15gp_cf1f82aaab32,cf1f82aaab32,15,23,0.6521739130434783,prorata_equivalent_season,organisational_memory_20gp_half_life,PRORATA_2026
69,alliot,-3.453705428117633,-4.547342940690967,-13.393460690188583,8.92328455519093,68.36675,69.0,52.0,83.0,-0.12635935058459222,0.10351528320266795,-9.475431566678962,5.578883779724359,9.0,110,12,0.6521739130434783,v2_2,through_r15_15gp_cf1f82aaab32,cf1f82aaab32,15,23,0.6521739130434783,prorata_equivalent_season,organisational_memory_20gp_half_life,PRORATA_2026
70,kobayashi,-4.258787104832043,-4.924977727512196,-13.62805779566471,6.672321828061237,69.43225,70.0,55.0,83.0,-0.13771171022545345,0.08001186683993587,-10.427716748594452,4.9946073608115675,5.0,76,6,0.6521739130434783,v2_2,through_r15_15gp_cf1f82aaab32,cf1f82aaab32,15,23,0.6521739130434783,prorata_equivalent_season,organisational_memory_20gp_half_life,PRORATA_2026
71,moreno,-4.94352043124004,-6.032229614352747,-17.128895079862513,10.24812842071341,70.557,72.0,50.0,88.0,-0.1574085540561808,0.10643025215953027,-11.821147070820668,5.372919528130907,6.0,43,5,0.6521739130434783,v2_2,through_r15_15gp_cf1f82aaab32,cf1f82aaab32,15,23,0.6521739130434783,prorata_equivalent_season,organisational_memory_20gp_half_life,PRORATA_2026
72,morbidelli,-5.125193235783208,-6.019042208252136,-16.079060644985834,7.9008482545829395,70.756,71.0,53.0,87.0,-0.16337278073594308,0.10480708567476861,-12.30820904487816,5.649330477859217,6.0,68,7,0.6521739130434783,v2_2,through_r15_15gp_cf1f82aaab32,cf1f82aaab32,15,23,0.6521739130434783,prorata_equivalent_season,organisational_memory_20gp_half_life,PRORATA_2026
73,johansson,-5.782210728768978,-6.780543815908523,-15.69552098576465,6.630580221697501,71.566,72.0,55.0,86.0,-0.16112630375702963,0.06367170342996269,-12.185442691279988,3.822637214997536,8.0,79,7,0.6521739130434783,v2_2,through_r15_15gp_cf1f82aaab32,cf1f82aaab32,15,23,0.6521739130434783,prorata_equivalent_season,organisational_memory_20gp_half_life,PRORATA_2026
74,sutil,-6.387743138705826,-7.029511050709088,-14.146233529096238,3.3244798011545726,72.38525,73.0,59.0,84.0,-0.1682744404753338,0.04219766065537938,-12.734633966060777,3.132593102326599,7.0,128,7,0.6521739130434783,v2_2,through_r15_15gp_cf1f82aaab32,cf1f82aaab32,15,23,0.6521739130434783,prorata_equivalent_season,organisational_memory_20gp_half_life,PRORATA_2026
75,larini,-7.685460374838107,-8.601521068406349,-19.210383907016013,6.132664731905612,74.2905,75.0,56.0,90.0,-0.2040416865630816,0.0683159852480399,-15.39106457902686,3.8729459314450194,8.0,50,5,0.6521739130434783,v2_2,through_r15_15gp_cf1f82aaab32,cf1f82aaab32,15,23,0.6521739130434783,prorata_equivalent_season,organisational_memory_20gp_half_life,PRORATA_2026
76,kevin_magnussen,-7.966891207538383,-8.576903715011625,-16.409038959638917,2.4190506914634806,74.5725,75.0,60.0,87.0,-0.1981661147327191,0.035598595644862,-14.990572980046526,2.5686314512238297,10.0,183,6,0.6521739130434783,v2_2,through_r15_15gp_cf1f82aaab32,cf1f82aaab32,15,23,0.6521739130434783,prorata_equivalent_season,organisational_memory_20gp_half_life,PRORATA_2026
77,caffi,-8.017413528746657,-9.019000828113704,-21.02713163747797,7.797523012443239,74.68325,76.0,54.0,92.0,-0.21183543257821863,0.07346403383262545,-15.904511386425849,3.813233257772132,6.0,55,5,0.6521739130434783,v2_2,through_r15_15gp_cf1f82aaab32,cf1f82aaab32,15,23,0.6521739130434783,prorata_equivalent_season,organisational_memory_20gp_half_life,PRORATA_2026
78,laffite,-8.513377085956032,-8.970862616235468,-18.399256972203496,2.923598034506299,75.39575,76.0,60.0,89.0,-0.23571287417775785,0.09057264667474117,-17.781053213093013,5.388137104749441,5.0,68,5,0.6521739130434783,v2_2,through_r15_15gp_cf1f82aaab32,cf1f82aaab32,15,23,0.6521739130434783,prorata_equivalent_season,organisational_memory_20gp_half_life,PRORATA_2026
79,stroll,-8.724490605624503,-9.059830900323853,-15.8137573729451,-0.3308004407112228,75.72975,76.0,64.0,86.0,-0.20373763211305235,0.01593353018243049,-15.429177946613992,1.3325404058597266,9.652173913043478,204,7,0.6521739130434783,v2_2,through_r15_15gp_cf1f82aaab32,cf1f82aaab32,15,23,0.6521739130434783,prorata_equivalent_season,organisational_memory_20gp_half_life,PRORATA_2026
80,palmer,-10.544266384023038,-11.104159117666887,-19.923046852010803,0.8435315367354819,78.23625,79.0,63.0,91.0,-0.24835496693349102,0.024242029597353238,-18.695138610202026,1.6820419552454389,7.0,84,8,0.6521739130434783,v2_2,through_r15_15gp_cf1f82aaab32,cf1f82aaab32,15,23,0.6521739130434783,prorata_equivalent_season,organisational_memory_20gp_half_life,PRORATA_2026
81,zanardi,-11.352414819171548,-12.302982958722144,-22.28589384076148,1.883835867874824,79.27525,81.0,61.0,93.0,-0.2861403854120499,0.0688497423953695,-21.587149511644878,3.9996872195384414,5.0,42,6,0.6521739130434783,v2_2,through_r15_15gp_cf1f82aaab32,cf1f82aaab32,15,23,0.6521739130434783,prorata_equivalent_season,organisational_memory_20gp_half_life,PRORATA_2026
82,tsunoda,-11.993588598850776,-12.388201975498328,-19.557243793249462,-2.884403346514344,80.40775,81.0,67.0,91.0,-0.2772642298494409,0.018055420310489772,-20.975670219992185,1.4795338328613343,5.6521739130434785,117,7,0.6521739130434783,v2_2,through_r15_15gp_cf1f82aaab32,cf1f82aaab32,15,23,0.6521739130434783,prorata_equivalent_season,organisational_memory_20gp_half_life,PRORATA_2026
83,katayama,-13.137776264093135,-13.43833184492916,-20.862547258540044,-4.488799490894223,81.98975,83.0,69.0,92.0,-0.29694066941566977,0.008834696132637605,-22.391353056799634,0.7425889249666072,6.0,95,6,0.6521739130434783,v2_2,through_r15_15gp_cf1f82aaab32,cf1f82aaab32,15,23,0.6521739130434783,prorata_equivalent_season,organisational_memory_20gp_half_life,PRORATA_2026
84,fabi,-13.160046328105595,-13.513200867432282,-22.548605341851314,-2.355425008271035,81.80975,83.0,66.945,93.0,-0.30589822449685666,0.02231911313564147,-23.071760178253385,1.707524447116088,5.0,64,5,0.6521739130434783,v2_2,through_r15_15gp_cf1f82aaab32,cf1f82aaab32,15,23,0.6521739130434783,prorata_equivalent_season,organisational_memory_20gp_half_life,PRORATA_2026
85,ghinzani,-13.444121656240297,-13.854897835570025,-23.071334883596645,-2.4969154375846094,82.178,83.0,67.0,93.0,-0.3058222709028269,0.0133211532554072,-23.062927247355354,0.9840867304322873,7.0,75,9,0.6521739130434783,v2_2,through_r15_15gp_cf1f82aaab32,cf1f82aaab32,15,23,0.6521739130434783,prorata_equivalent_season,organisational_memory_20gp_half_life,PRORATA_2026
86,gachot,-14.64482000477786,-15.07611366008799,-24.79858549204039,-2.831656178212123,83.68625,85.0,67.0,95.0,-0.33725217641571,0.021257661661836524,-25.41564648716133,1.5114197187973377,5.0,47,5,0.6521739130434783,v2_2,through_r15_15gp_cf1f82aaab32,cf1f82aaab32,15,23,0.6521739130434783,prorata_equivalent_season,organisational_memory_20gp_half_life,PRORATA_2026
87,diniz,-14.797813133650873,-14.896531248859757,-22.154243003373658,-6.883015147608599,84.24925,85.0,73.0,93.0,-0.33165135835445836,0.007040176833494348,-25.061994740027956,0.5984592759147568,6.0,99,5,0.6521739130434783,v2_2,through_r15_15gp_cf1f82aaab32,cf1f82aaab32,15,23,0.6521739130434783,prorata_equivalent_season,organisational_memory_20gp_half_life,PRORATA_2026
88,suzuki,-15.4620176007039,-15.652841741650539,-25.001354256267778,-5.1901264375358425,84.72075,86.0,70.0,95.0,-0.3479102318626328,0.008412867872651287,-26.20957102963065,0.6593125426862182,7.0,66,6,0.6521739130434783,v2_2,through_r15_15gp_cf1f82aaab32,cf1f82aaab32,15,23,0.6521739130434783,prorata_equivalent_season,organisational_memory_20gp_half_life,PRORATA_2026
89,glock,-16.782799675027892,-16.85571425898234,-25.013434022776465,-8.591910375535399,86.57625,88.0,75.0,95.0,-0.37282248615320396,0.0035209590402113956,-28.18068108354346,0.3140224377454549,6.0,93,5,0.6521739130434783,v2_2,through_r15_15gp_cf1f82aaab32,cf1f82aaab32,15,23,0.6521739130434783,prorata_equivalent_season,organisational_memory_20gp_half_life,PRORATA_2026
90,streiff,-17.46871840353803,-17.628713455692427,-28.258226191666935,-6.2668555106568435,86.912,89.0,72.0,96.0,-0.39286072349707696,0.009013892222570794,-29.579286549580676,0.6971338155259426,5.0,54,5,0.6521739130434783,v2_2,through_r15_15gp_cf1f82aaab32,cf1f82aaab32,15,23,0.6521739130434783,prorata_equivalent_season,organisational_memory_20gp_half_life,PRORATA_2026
91,liuzzi,-18.797691797136785,-18.724702579139713,-26.24454187536728,-11.866558497181533,89.066,90.0,80.945,95.0,-0.41535914604271734,0.0011298544216423229,-31.40431751128453,0.11224677408482635,6.0,80,6,0.6521739130434783,v2_2,through_r15_15gp_cf1f82aaab32,cf1f82aaab32,15,23,0.6521739130434783,prorata_equivalent_season,organisational_memory_20gp_half_life,PRORATA_2026
92,lehto,-18.93336640831301,-19.008409230701687,-28.22811282041831,-9.485827386794234,88.6875,90.0,77.0,96.0,-0.42178275396047754,0.004759990459419876,-31.803201926210722,0.37138686853356023,6.0,62,7,0.6521739130434783,v2_2,through_r15_15gp_cf1f82aaab32,cf1f82aaab32,15,23,0.6521739130434783,prorata_equivalent_season,organisational_memory_20gp_half_life,PRORATA_2026
93,satoru_nakajima,-22.063238848662717,-22.05531951372958,-30.898200851508452,-13.226800388481033,91.69175,93.0,82.945,97.0,-0.48706692432191273,0.000900519827832431,-36.835379086967,0.09497150879370864,5.0,74,4,0.6521739130434783,v2_2,through_r15_15gp_cf1f82aaab32,cf1f82aaab32,15,23,0.6521739130434783,prorata_equivalent_season,organisational_memory_20gp_half_life,PRORATA_2026
94,tarquini,-22.650485222814662,-22.70402582532384,-36.04026654539688,-9.120922859943787,90.88525,93.0,76.0,97.0,-0.5040946610019967,0.004854893721993052,-37.98581100501179,0.35250345048102405,7.0,38,5,0.6521739130434783,v2_2,through_r15_15gp_cf1f82aaab32,cf1f82aaab32,15,23,0.6521739130434783,prorata_equivalent_season,organisational_memory_20gp_half_life,PRORATA_2026
95,zonta,-23.325247092282776,-23.33991816623709,-34.90022389075832,-11.926414264496596,91.9575,94.0,81.0,97.0,-0.5162286011012575,0.0032831248211286183,-39.04947531711847,0.26109524497076625,5.0,36,3,0.6521739130434783,v2_2,through_r15_15gp_cf1f82aaab32,cf1f82aaab32,15,23,0.6521739130434783,prorata_equivalent_season,organisational_memory_20gp_half_life,PRORATA_2026
96,ericsson,-24.320579429958364,-24.209649368275045,-33.46718407188088,-15.64840801772571,93.387,94.0,86.0,97.0,-0.5360816286301194,0.00010529252748365794,-40.54024437115641,0.00891798183869226,5.0,97,6,0.6521739130434783,v2_2,through_r15_15gp_cf1f82aaab32,cf1f82aaab32,15,23,0.6521739130434783,prorata_equivalent_season,organisational_memory_20gp_half_life,PRORATA_2026
97,wendlinger,-26.491081124876903,-26.273859737674698,-36.189586439746655,-17.194085261853015,94.5355,96.0,88.945,97.0,-0.5847825879831858,9.572698312636307e-05,-44.159951350816,0.01222421403174772,5.0,42,5,0.6521739130434783,v2_2,through_r15_15gp_cf1f82aaab32,cf1f82aaab32,15,23,0.6521739130434783,prorata_equivalent_season,organisational_memory_20gp_half_life,PRORATA_2026
98,badoer,-39.45705848646353,-39.40863049114304,-50.31635504919266,-28.960030899821213,97.74975,98.0,97.0,98.0,-0.8710012183587132,0.00028313869587808573,-65.7798499805025,0.027128754594926818,5.0,55,6,0.6521739130434783,v2_2,through_r15_15gp_cf1f82aaab32,cf1f82aaab32,15,23,0.6521739130434783,prorata_equivalent_season,organisational_memory_20gp_half_life,PRORATA_2026
